race,gender,age_range,img1,img2,d_clean,baseline_same,d_fgsm_001,fgsm_same_001,fgsm_success_001,d_fgsm_003,fgsm_same_003,fgsm_success_003,d_fgsm_005,fgsm_same_005,fgsm_success_005,d_pgd_001,pgd_same_001,pgd_success_001,d_pgd_003,pgd_same_003,pgd_success_003,d_pgd_005,pgd_same_005,pgd_success_005,d_cw,cw_same,cw_success
Black,Female,0-2,Black\Black_Female_0-2_005.jpg,Black\Black_Female_0-2_006.jpg,1.3347346782684326,False,1.0831948518753052,False,False,0.9069878458976746,True,True,0.8591699004173279,True,True,1.0057622194290161,False,False,0.6025633215904236,True,True,0.5238894820213318,True,True,0.9912727475166321,True,True
Black,Female,0-2,Black\Black_Female_0-2_007.jpg,Black\Black_Female_0-2_008.jpg,1.1284213066101074,False,0.8558779358863831,True,True,0.8351231217384338,True,True,0.8640466928482056,True,True,0.7389940619468689,True,True,0.5242518186569214,True,True,0.4726124405860901,True,True,0.7645927667617798,True,True
Black,Female,10-19,Black\Black_Female_10-19_025.jpg,Black\Black_Female_10-19_026.jpg,1.030132532119751,False,0.8684793710708618,True,True,0.7262824773788452,True,True,0.6934486031532288,True,True,0.8427281975746155,True,True,0.5442583560943604,True,True,0.4219847321510315,True,True,0.8457173705101013,True,True
Black,Female,10-19,Black\Black_Female_10-19_027.jpg,Black\Black_Female_10-19_028.jpg,1.2812105417251587,False,1.129889726638794,False,False,0.9659754633903503,True,True,0.9000239372253418,True,True,1.0596718788146973,False,False,0.7042410969734192,True,True,0.5524011254310608,True,True,1.0732667446136475,False,False
Black,Female,20-29,Black\Black_Female_20-29_035.jpg,Black\Black_Female_20-29_036.jpg,1.0516018867492676,False,0.8850411772727966,True,True,0.8135402798652649,True,True,0.8081071972846985,True,True,0.7948175072669983,True,True,0.5421627163887024,True,True,0.46179571747779846,True,True,0.7924531102180481,True,True
Black,Female,20-29,Black\Black_Female_20-29_037.jpg,Black\Black_Female_20-29_038.jpg,1.11661696434021,False,0.976502001285553,True,True,0.8576610684394836,True,True,0.8283894062042236,True,True,0.9420467615127563,True,True,0.6392822861671448,True,True,0.5083695650100708,True,True,0.939390242099762,True,True
Black,Female,3-9,Black\Black_Female_3-9_015.jpg,Black\Black_Female_3-9_016.jpg,1.0545945167541504,False,0.9106935858726501,True,True,0.7739653587341309,True,True,0.73575359582901,True,True,0.8854353427886963,True,True,0.5765138268470764,True,True,0.3792476952075958,True,True,0.8837062120437622,True,True
Black,Female,3-9,Black\Black_Female_3-9_017.jpg,Black\Black_Female_3-9_018.jpg,0.9189440608024597,True,0.7711281180381775,True,False,0.6179580688476562,True,False,0.5553337335586548,True,False,0.7486741542816162,True,False,0.48131611943244934,True,False,0.3748089671134949,True,False,0.7566085457801819,True,False
Black,Female,30-39,Black\Black_Female_30-39_045.jpg,Black\Black_Female_30-39_046.jpg,1.2693359851837158,False,1.0615267753601074,False,False,0.922581672668457,True,True,0.8814607858657837,True,True,0.9803900718688965,True,True,0.5100484490394592,True,True,0.35049688816070557,True,True,1.0020091533660889,False,False
Black,Female,30-39,Black\Black_Female_30-39_047.jpg,Black\Black_Female_30-39_048.jpg,1.111646056175232,False,0.9768528342247009,True,True,0.8180299401283264,True,True,0.7511968016624451,True,True,0.9617963433265686,True,True,0.6594256162643433,True,True,0.45467570424079895,True,True,0.9614413976669312,True,True
Black,Female,40-49,Black\Black_Female_40-49_055.jpg,Black\Black_Female_40-49_056.jpg,1.2213962078094482,False,1.127972960472107,False,False,1.0257941484451294,False,False,0.9715145230293274,True,True,1.1137409210205078,False,False,0.9324640035629272,True,True,0.7773097157478333,True,True,1.1262818574905396,False,False
Black,Female,40-49,Black\Black_Female_40-49_057.jpg,Black\Black_Female_40-49_058.jpg,1.032031774520874,False,0.886458694934845,True,True,0.7434533834457397,True,True,0.6957672834396362,True,True,0.8526647090911865,True,True,0.6016077995300293,True,True,0.4985872507095337,True,True,0.8288882970809937,True,True
Black,Female,50-59,Black\Black_Female_50-59_065.jpg,Black\Black_Female_50-59_066.jpg,1.3325676918029785,False,1.1476995944976807,False,False,0.9529507160186768,True,True,0.901803731918335,True,True,1.0258293151855469,False,False,0.6727254390716553,True,True,0.5833572149276733,True,True,1.0695888996124268,False,False
Black,Female,50-59,Black\Black_Female_50-59_067.jpg,Black\Black_Female_50-59_068.jpg,1.0453040599822998,False,0.8851022124290466,True,True,0.7379634380340576,True,True,0.6987967491149902,True,True,0.8482396602630615,True,True,0.5107429027557373,True,True,0.4297664165496826,True,True,0.8520199060440063,True,True
Black,Female,60-69,Black\Black_Female_60-69_075.jpg,Black\Black_Female_60-69_076.jpg,1.0875580310821533,False,0.8105798363685608,True,True,0.6358058452606201,True,True,0.623695433139801,True,True,0.7397615313529968,True,True,0.3585124611854553,True,True,0.34224826097488403,True,True,0.7384927272796631,True,True
Black,Female,60-69,Black\Black_Female_60-69_077.jpg,Black\Black_Female_60-69_078.jpg,1.3225685358047485,False,0.9990434050559998,True,True,0.8763023018836975,True,True,0.8516855835914612,True,True,0.886989414691925,True,True,0.5927120447158813,True,True,0.47493138909339905,True,True,0.9041826128959656,True,True
Black,Female,70+,Black\Black_Female_70+_085.jpg,Black\Black_Female_70+_086.jpg,1.348654866218567,False,1.091100811958313,False,False,1.0179214477539062,False,False,1.0299533605575562,False,False,0.8412601351737976,True,True,0.5839446187019348,True,True,0.5421751737594604,True,True,0.8010215759277344,True,True
Black,Female,70+,Black\Black_Female_70+_087.jpg,Black\Black_Female_70+_088.jpg,1.1890461444854736,False,1.0773968696594238,False,False,0.9715048670768738,True,True,0.9245640635490417,True,True,1.0484594106674194,False,False,0.8052608966827393,True,True,0.6327078938484192,True,True,1.0544450283050537,False,False
Black,Male,0-2,Black\Black_Male_0-2_000.jpg,Black\Black_Male_0-2_001.jpg,0.914677619934082,True,0.6143749952316284,True,False,0.5467202663421631,True,False,0.6477610468864441,True,False,0.5213159322738647,True,False,0.31463944911956787,True,False,0.3625350892543793,True,False,0.5567445158958435,True,False
Black,Male,0-2,Black\Black_Male_0-2_002.jpg,Black\Black_Male_0-2_003.jpg,0.8970622420310974,True,0.691985547542572,True,False,0.5318933129310608,True,False,0.500917375087738,True,False,0.6415303945541382,True,False,0.3637128174304962,True,False,0.3096298277378082,True,False,0.653858482837677,True,False
Black,Male,10-19,Black\Black_Male_10-19_020.jpg,Black\Black_Male_10-19_021.jpg,1.1162809133529663,False,0.9212706685066223,True,True,0.7229016423225403,True,True,0.652584969997406,True,True,0.8637621998786926,True,True,0.4448212683200836,True,True,0.3499595522880554,True,True,0.8555045127868652,True,True
Black,Male,10-19,Black\Black_Male_10-19_022.jpg,Black\Black_Male_10-19_023.jpg,1.1982580423355103,False,1.0337074995040894,False,False,0.9980162978172302,True,True,0.9934918284416199,True,True,0.9159636497497559,True,True,0.6824188828468323,True,True,0.6000379323959351,True,True,0.9469408988952637,True,True
Black,Male,20-29,Black\Black_Male_20-29_030.jpg,Black\Black_Male_20-29_031.jpg,1.0626533031463623,False,0.91450035572052,True,True,0.8433656692504883,True,True,0.8325009942054749,True,True,0.8789462447166443,True,True,0.6656138896942139,True,True,0.5542113780975342,True,True,0.903039276599884,True,True
Black,Male,20-29,Black\Black_Male_20-29_032.jpg,Black\Black_Male_20-29_033.jpg,1.07490873336792,False,0.845848560333252,True,True,0.7485578656196594,True,True,0.7519695162773132,True,True,0.7788388729095459,True,True,0.5262005925178528,True,True,0.42764484882354736,True,True,0.7839967012405396,True,True
Black,Male,3-9,Black\Black_Male_3-9_010.jpg,Black\Black_Male_3-9_011.jpg,0.9241436123847961,True,0.7178152203559875,True,False,0.6546120643615723,True,False,0.6499442458152771,True,False,0.6343550086021423,True,False,0.447437584400177,True,False,0.3929367661476135,True,False,0.6654786467552185,True,False
Black,Male,3-9,Black\Black_Male_3-9_012.jpg,Black\Black_Male_3-9_013.jpg,0.9797479510307312,True,0.7651050090789795,True,False,0.6899265646934509,True,False,0.6986764669418335,True,False,0.675391674041748,True,False,0.43449684977531433,True,False,0.3701799213886261,True,False,0.709733784198761,True,False
Black,Male,30-39,Black\Black_Male_30-39_040.jpg,Black\Black_Male_30-39_041.jpg,1.3298531770706177,False,1.1226351261138916,False,False,1.0631221532821655,False,False,1.0913110971450806,False,False,1.0286041498184204,False,False,0.7516312003135681,True,True,0.6376914978027344,True,True,1.0476856231689453,False,False
Black,Male,30-39,Black\Black_Male_30-39_042.jpg,Black\Black_Male_30-39_043.jpg,1.3649014234542847,False,1.020414113998413,False,False,0.8768661022186279,True,True,0.8945260047912598,True,True,0.8512667417526245,True,True,0.5774185657501221,True,True,0.5113859176635742,True,True,0.8896762132644653,True,True
Black,Male,40-49,Black\Black_Male_40-49_050.jpg,Black\Black_Male_40-49_051.jpg,1.1682451963424683,False,0.9901696443557739,True,True,0.881599485874176,True,True,0.872183620929718,True,True,0.9351420998573303,True,True,0.5587347745895386,True,True,0.4996570646762848,True,True,0.9383388757705688,True,True
Black,Male,40-49,Black\Black_Male_40-49_052.jpg,Black\Black_Male_40-49_053.jpg,1.1915745735168457,False,0.8863221406936646,True,True,0.854567289352417,True,True,0.9054936170578003,True,True,0.7506225109100342,True,True,0.610196590423584,True,True,0.5037923455238342,True,True,0.7945010662078857,True,True
Black,Male,50-59,Black\Black_Male_50-59_060.jpg,Black\Black_Male_50-59_061.jpg,1.3571348190307617,False,1.1822926998138428,False,False,1.0045603513717651,False,False,0.9426413774490356,True,True,1.1520130634307861,False,False,0.7516191601753235,True,True,0.5744463205337524,True,True,1.1528377532958984,False,False
Black,Male,50-59,Black\Black_Male_50-59_062.jpg,Black\Black_Male_50-59_063.jpg,1.2949191331863403,False,1.090277075767517,False,False,0.897936999797821,True,True,0.8207452297210693,True,True,1.0297735929489136,False,False,0.5699824690818787,True,True,0.44435739517211914,True,True,1.0196521282196045,False,False
Black,Male,60-69,Black\Black_Male_60-69_070.jpg,Black\Black_Male_60-69_071.jpg,1.2451989650726318,False,1.0516047477722168,False,False,0.8821876049041748,True,True,0.8354216814041138,True,True,1.0037662982940674,False,False,0.6262725591659546,True,True,0.5371391773223877,True,True,1.0404061079025269,False,False
Black,Male,60-69,Black\Black_Male_60-69_072.jpg,Black\Black_Male_60-69_073.jpg,1.2149183750152588,False,0.9780806303024292,True,True,0.7993457913398743,True,True,0.7649745345115662,True,True,0.8855906128883362,True,True,0.482749342918396,True,True,0.43377140164375305,True,True,0.846709668636322,True,True
Black,Male,70+,Black\Black_Male_70+_080.jpg,Black\Black_Male_70+_081.jpg,0.858021080493927,True,0.6515823006629944,True,False,0.5608870387077332,True,False,0.5731657147407532,True,False,0.5983730554580688,True,False,0.35415226221084595,True,False,0.3378888964653015,True,False,0.6149600744247437,True,False
Black,Male,70+,Black\Black_Male_70+_082.jpg,Black\Black_Male_70+_083.jpg,1.0983420610427856,False,0.9156455397605896,True,True,0.7547706961631775,True,True,0.7075352072715759,True,True,0.8680495023727417,True,True,0.46589016914367676,True,True,0.32343247532844543,True,True,0.8790711164474487,True,True
East_Asian,Female,0-2,East_Asian\East_Asian_Female_0-2_005.jpg,East_Asian\East_Asian_Female_0-2_006.jpg,0.8004031777381897,True,0.7241566777229309,True,False,0.6735165119171143,True,False,0.6681420207023621,True,False,0.7082285284996033,True,False,0.588770866394043,True,False,0.5193636417388916,True,False,0.7101407647132874,True,False
East_Asian,Female,0-2,East_Asian\East_Asian_Female_0-2_007.jpg,East_Asian\East_Asian_Female_0-2_008.jpg,0.6954863667488098,True,0.4886983036994934,True,False,0.39498358964920044,True,False,0.41042864322662354,True,False,0.4322779178619385,True,False,0.24960535764694214,True,False,0.23733609914779663,True,False,0.4456236660480499,True,False
East_Asian,Female,10-19,East_Asian\East_Asian_Female_10-19_025.jpg,East_Asian\East_Asian_Female_10-19_026.jpg,1.149997353553772,False,0.9611466526985168,True,True,0.7811205387115479,True,True,0.7260299921035767,True,True,0.9337426424026489,True,True,0.6004402041435242,True,True,0.45669305324554443,True,True,0.8934895396232605,True,True
East_Asian,Female,10-19,East_Asian\East_Asian_Female_10-19_027.jpg,East_Asian\East_Asian_Female_10-19_028.jpg,0.8322107791900635,True,0.6729227900505066,True,False,0.5740049481391907,True,False,0.5746269822120667,True,False,0.6435762047767639,True,False,0.38979673385620117,True,False,0.31243374943733215,True,False,0.6395376920700073,True,False
East_Asian,Female,20-29,East_Asian\East_Asian_Female_20-29_035.jpg,East_Asian\East_Asian_Female_20-29_036.jpg,0.9870752096176147,True,0.8111202716827393,True,False,0.6242046356201172,True,False,0.566087007522583,True,False,0.773687481880188,True,False,0.40444207191467285,True,False,0.3286798298358917,True,False,0.7661527395248413,True,False
East_Asian,Female,20-29,East_Asian\East_Asian_Female_20-29_037.jpg,East_Asian\East_Asian_Female_20-29_038.jpg,0.9139795303344727,True,0.7485741972923279,True,False,0.6353441476821899,True,False,0.6042293310165405,True,False,0.7190341949462891,True,False,0.46443018317222595,True,False,0.3911843001842499,True,False,0.7117420434951782,True,False
East_Asian,Female,3-9,East_Asian\East_Asian_Female_3-9_015.jpg,East_Asian\East_Asian_Female_3-9_016.jpg,0.9942259788513184,True,0.7880221009254456,True,False,0.6185441613197327,True,False,0.5935462117195129,True,False,0.74959796667099,True,False,0.3977479338645935,True,False,0.32210785150527954,True,False,0.7480913996696472,True,False
East_Asian,Female,3-9,East_Asian\East_Asian_Female_3-9_017.jpg,East_Asian\East_Asian_Female_3-9_018.jpg,1.037405252456665,False,0.8851800560951233,True,True,0.7530755996704102,True,True,0.7138261795043945,True,True,0.8499575257301331,True,True,0.46843063831329346,True,True,0.3509679436683655,True,True,0.8514670729637146,True,True
East_Asian,Female,30-39,East_Asian\East_Asian_Female_30-39_045.jpg,East_Asian\East_Asian_Female_30-39_046.jpg,1.0056939125061035,False,0.8351547718048096,True,True,0.7135482430458069,True,True,0.7042539119720459,True,True,0.7944965958595276,True,True,0.5260685682296753,True,True,0.42990532517433167,True,True,0.8012216091156006,True,True
East_Asian,Female,30-39,East_Asian\East_Asian_Female_30-39_047.jpg,East_Asian\East_Asian_Female_30-39_048.jpg,1.2668087482452393,False,1.0530602931976318,False,False,0.9231075048446655,True,True,0.9118640422821045,True,True,0.9606503844261169,True,True,0.6207473278045654,True,True,0.5104944109916687,True,True,0.9284027218818665,True,True
East_Asian,Female,40-49,East_Asian\East_Asian_Female_40-49_055.jpg,East_Asian\East_Asian_Female_40-49_056.jpg,1.0952998399734497,False,0.9535814523696899,True,True,0.8133161067962646,True,True,0.7613135576248169,True,True,0.9260602593421936,True,True,0.653078019618988,True,True,0.5162071585655212,True,True,0.9415847063064575,True,True
East_Asian,Female,40-49,East_Asian\East_Asian_Female_40-49_057.jpg,East_Asian\East_Asian_Female_40-49_058.jpg,1.0750892162322998,False,0.8628165125846863,True,True,0.6647859215736389,True,True,0.6142292618751526,True,True,0.8330209851264954,True,True,0.5202468037605286,True,True,0.41244590282440186,True,True,0.8318080902099609,True,True
East_Asian,Female,50-59,East_Asian\East_Asian_Female_50-59_065.jpg,East_Asian\East_Asian_Female_50-59_066.jpg,1.1654560565948486,False,0.9314370155334473,True,True,0.7992509603500366,True,True,0.7907626032829285,True,True,0.8681584000587463,True,True,0.49092042446136475,True,True,0.39140307903289795,True,True,0.8731708526611328,True,True
East_Asian,Female,50-59,East_Asian\East_Asian_Female_50-59_067.jpg,East_Asian\East_Asian_Female_50-59_068.jpg,1.0847208499908447,False,0.8505916595458984,True,True,0.651092529296875,True,True,0.5936899185180664,True,True,0.8017880916595459,True,True,0.4325612187385559,True,True,0.33513879776000977,True,True,0.8195005655288696,True,True
East_Asian,Female,60-69,East_Asian\East_Asian_Female_60-69_075.jpg,East_Asian\East_Asian_Female_60-69_076.jpg,1.077673077583313,False,0.8725306987762451,True,True,0.7416848540306091,True,True,0.726110577583313,True,True,0.7892884016036987,True,True,0.40516436100006104,True,True,0.33404436707496643,True,True,0.8188979029655457,True,True
East_Asian,Female,60-69,East_Asian\East_Asian_Female_60-69_077.jpg,East_Asian\East_Asian_Female_60-69_078.jpg,1.3340259790420532,False,1.1314468383789062,False,False,0.9463027715682983,True,True,0.8795987367630005,True,True,1.0176547765731812,False,False,0.6254638433456421,True,True,0.5080277919769287,True,True,1.054843783378601,False,False
East_Asian,Female,70+,East_Asian\East_Asian_Female_70+_085.jpg,East_Asian\East_Asian_Female_70+_086.jpg,0.9803990721702576,True,0.8028851747512817,True,False,0.6971233487129211,True,False,0.6856943964958191,True,False,0.7395884990692139,True,False,0.5415929555892944,True,False,0.4751667380332947,True,False,0.7537787556648254,True,False
East_Asian,Female,70+,East_Asian\East_Asian_Female_70+_087.jpg,East_Asian\East_Asian_Female_70+_088.jpg,1.1327080726623535,False,0.8712075352668762,True,True,0.745935320854187,True,True,0.7324896454811096,True,True,0.7750512957572937,True,True,0.4968486726284027,True,True,0.42217692732810974,True,True,0.7951110601425171,True,True
East_Asian,Male,0-2,East_Asian\East_Asian_Male_0-2_000.jpg,East_Asian\East_Asian_Male_0-2_001.jpg,1.0305969715118408,False,0.8613598346710205,True,True,0.7204304933547974,True,True,0.6997732520103455,True,True,0.8309756517410278,True,True,0.5421562194824219,True,True,0.43384960293769836,True,True,0.7950230836868286,True,True
East_Asian,Male,0-2,East_Asian\East_Asian_Male_0-2_002.jpg,East_Asian\East_Asian_Male_0-2_003.jpg,0.6293213963508606,True,0.4933595359325409,True,False,0.45951783657073975,True,False,0.5236766934394836,True,False,0.4447866380214691,True,False,0.2735370695590973,True,False,0.28695762157440186,True,False,0.4556378722190857,True,False
East_Asian,Male,10-19,East_Asian\East_Asian_Male_10-19_020.jpg,East_Asian\East_Asian_Male_10-19_021.jpg,0.9375163316726685,True,0.732814610004425,True,False,0.6495064496994019,True,False,0.69163978099823,True,False,0.6759264469146729,True,False,0.42322754859924316,True,False,0.41483497619628906,True,False,0.6753384470939636,True,False
East_Asian,Male,10-19,East_Asian\East_Asian_Male_10-19_022.jpg,East_Asian\East_Asian_Male_10-19_023.jpg,1.2823591232299805,False,0.9757404327392578,True,True,0.8966251015663147,True,True,0.9841758608818054,True,True,0.7536500692367554,True,True,0.47654539346694946,True,True,0.44203221797943115,True,True,0.8012319207191467,True,True
East_Asian,Male,20-29,East_Asian\East_Asian_Male_20-29_030.jpg,East_Asian\East_Asian_Male_20-29_031.jpg,1.0397499799728394,False,0.7953991889953613,True,True,0.6468543410301208,True,True,0.6217864155769348,True,True,0.7366529703140259,True,True,0.3970867395401001,True,True,0.39419806003570557,True,True,0.7400155663490295,True,True
East_Asian,Male,20-29,East_Asian\East_Asian_Male_20-29_032.jpg,East_Asian\East_Asian_Male_20-29_033.jpg,1.2047690153121948,False,0.8677392601966858,True,True,0.7390487790107727,True,True,0.7506096959114075,True,True,0.7264508008956909,True,True,0.4742199778556824,True,True,0.3982072174549103,True,True,0.7944527864456177,True,True
East_Asian,Male,3-9,East_Asian\East_Asian_Male_3-9_010.jpg,East_Asian\East_Asian_Male_3-9_011.jpg,1.030170202255249,False,0.7655602097511292,True,True,0.6752030849456787,True,True,0.6820645332336426,True,True,0.6443420052528381,True,True,0.475740909576416,True,True,0.47698163986206055,True,True,0.6472918391227722,True,True
East_Asian,Male,3-9,East_Asian\East_Asian_Male_3-9_012.jpg,East_Asian\East_Asian_Male_3-9_013.jpg,0.8220174312591553,True,0.6541728973388672,True,False,0.5070998668670654,True,False,0.4916943907737732,True,False,0.6206499934196472,True,False,0.31030815839767456,True,False,0.2802017331123352,True,False,0.6116889715194702,True,False
East_Asian,Male,30-39,East_Asian\East_Asian_Male_30-39_040.jpg,East_Asian\East_Asian_Male_30-39_041.jpg,0.9542896747589111,True,0.7882946729660034,True,False,0.6850555539131165,True,False,0.6602999567985535,True,False,0.7440965175628662,True,False,0.45706966519355774,True,False,0.3982633948326111,True,False,0.7482341527938843,True,False
East_Asian,Male,30-39,East_Asian\East_Asian_Male_30-39_042.jpg,East_Asian\East_Asian_Male_30-39_043.jpg,1.3020449876785278,False,1.0619502067565918,False,False,1.0060580968856812,False,False,1.1042357683181763,False,False,0.8721510767936707,True,True,0.5630768537521362,True,True,0.482196569442749,True,True,0.8990750908851624,True,True
East_Asian,Male,40-49,East_Asian\East_Asian_Male_40-49_050.jpg,East_Asian\East_Asian_Male_40-49_051.jpg,1.023248553276062,False,0.8258827924728394,True,True,0.7381744980812073,True,True,0.7251042127609253,True,True,0.7610884308815002,True,True,0.5120741128921509,True,True,0.45976772904396057,True,True,0.7556815147399902,True,True
East_Asian,Male,40-49,East_Asian\East_Asian_Male_40-49_052.jpg,East_Asian\East_Asian_Male_40-49_053.jpg,1.2156202793121338,False,0.9375966787338257,True,True,0.8642827272415161,True,True,0.862800121307373,True,True,0.828230082988739,True,True,0.5386719107627869,True,True,0.5229803919792175,True,True,0.8561414480209351,True,True
East_Asian,Male,50-59,East_Asian\East_Asian_Male_50-59_060.jpg,East_Asian\East_Asian_Male_50-59_061.jpg,1.0265600681304932,False,0.8710257411003113,True,True,0.7156804800033569,True,True,0.6714885830879211,True,True,0.8454747796058655,True,True,0.5230156779289246,True,True,0.38589632511138916,True,True,0.8516610264778137,True,True
East_Asian,Male,50-59,East_Asian\East_Asian_Male_50-59_062.jpg,East_Asian\East_Asian_Male_50-59_063.jpg,1.279186487197876,False,1.0120046138763428,False,False,0.7967297434806824,True,True,0.7371585369110107,True,True,0.9488542675971985,True,True,0.5326142311096191,True,True,0.45429205894470215,True,True,0.9829685091972351,True,True
East_Asian,Male,60-69,East_Asian\East_Asian_Male_60-69_070.jpg,East_Asian\East_Asian_Male_60-69_071.jpg,1.1935254335403442,False,1.0278335809707642,False,False,0.8697368502616882,True,True,0.8082764148712158,True,True,1.0011829137802124,False,False,0.7039202451705933,True,True,0.5493105053901672,True,True,0.995678186416626,True,True
East_Asian,Male,60-69,East_Asian\East_Asian_Male_60-69_072.jpg,East_Asian\East_Asian_Male_60-69_073.jpg,0.9320377707481384,True,0.7023891806602478,True,False,0.6791162490844727,True,False,0.724806547164917,True,False,0.634856104850769,True,False,0.42172059416770935,True,False,0.39455100893974304,True,False,0.6390469670295715,True,False
East_Asian,Male,70+,East_Asian\East_Asian_Male_70+_080.jpg,East_Asian\East_Asian_Male_70+_081.jpg,1.0201743841171265,False,0.895535409450531,True,True,0.7607063055038452,True,True,0.6916807889938354,True,True,0.8794854283332825,True,True,0.6335681080818176,True,True,0.46960437297821045,True,True,0.881642758846283,True,True
East_Asian,Male,70+,East_Asian\East_Asian_Male_70+_082.jpg,East_Asian\East_Asian_Male_70+_083.jpg,1.0162893533706665,False,0.8478076457977295,True,True,0.7141751646995544,True,True,0.679520308971405,True,True,0.7972323298454285,True,True,0.5193266868591309,True,True,0.43075960874557495,True,True,0.8188133239746094,True,True
Indian,Female,0-2,Indian\Indian_Female_0-2_005.jpg,Indian\Indian_Female_0-2_006.jpg,0.8967667818069458,True,0.7064070701599121,True,False,0.570159375667572,True,False,0.5604301691055298,True,False,0.6616689562797546,True,False,0.4066039025783539,True,False,0.35707348585128784,True,False,0.668487548828125,True,False
Indian,Female,0-2,Indian\Indian_Female_0-2_007.jpg,Indian\Indian_Female_0-2_008.jpg,0.893889307975769,True,0.6708484292030334,True,False,0.5613802671432495,True,False,0.5566248893737793,True,False,0.6025829315185547,True,False,0.3225400447845459,True,False,0.313469260931015,True,False,0.6014499068260193,True,False
Indian,Female,10-19,Indian\Indian_Female_10-19_025.jpg,Indian\Indian_Female_10-19_026.jpg,0.9841203689575195,True,0.7753099799156189,True,False,0.646146297454834,True,False,0.6178845167160034,True,False,0.7054470777511597,True,False,0.45890700817108154,True,False,0.4186914563179016,True,False,0.7077033519744873,True,False
Indian,Female,10-19,Indian\Indian_Female_10-19_027.jpg,Indian\Indian_Female_10-19_028.jpg,1.215384602546692,False,1.007813811302185,False,False,0.8285245299339294,True,True,0.7791574597358704,True,True,0.9508127570152283,True,True,0.5439476370811462,True,True,0.4425504207611084,True,True,0.9553154706954956,True,True
Indian,Female,20-29,Indian\Indian_Female_20-29_035.jpg,Indian\Indian_Female_20-29_036.jpg,1.2075101137161255,False,1.0511269569396973,False,False,0.9041361808776855,True,True,0.8575872182846069,True,True,0.9963271021842957,True,True,0.6066009998321533,True,True,0.5243542194366455,True,True,1.012170433998108,False,False
Indian,Female,20-29,Indian\Indian_Female_20-29_037.jpg,Indian\Indian_Female_20-29_038.jpg,1.2647212743759155,False,1.1594728231430054,False,False,1.0371040105819702,False,False,0.9765388369560242,True,True,1.143406629562378,False,False,0.9162389636039734,True,True,0.734622061252594,True,True,1.1414740085601807,False,False
Indian,Female,3-9,Indian\Indian_Female_3-9_015.jpg,Indian\Indian_Female_3-9_016.jpg,0.9573166370391846,True,0.794242799282074,True,False,0.6309791207313538,True,False,0.5738112926483154,True,False,0.7648878693580627,True,False,0.46053725481033325,True,False,0.3745101988315582,True,False,0.7492773532867432,True,False
Indian,Female,3-9,Indian\Indian_Female_3-9_017.jpg,Indian\Indian_Female_3-9_018.jpg,0.9804843068122864,True,0.8224866390228271,True,False,0.675040066242218,True,False,0.6384933590888977,True,False,0.7934399247169495,True,False,0.56143718957901,True,False,0.48772507905960083,True,False,0.7915862798690796,True,False
Indian,Female,30-39,Indian\Indian_Female_30-39_045.jpg,Indian\Indian_Female_30-39_046.jpg,1.1997888088226318,False,0.9925902485847473,True,True,0.9327648282051086,True,True,0.9280065298080444,True,True,0.8241382837295532,True,True,0.6168574094772339,True,True,0.5475935339927673,True,True,0.8483195900917053,True,True
Indian,Female,30-39,Indian\Indian_Female_30-39_047.jpg,Indian\Indian_Female_30-39_048.jpg,1.2022857666015625,False,1.0249119997024536,False,False,0.9209505319595337,True,True,0.8914580345153809,True,True,0.9775660037994385,True,True,0.6724929213523865,True,True,0.5634150505065918,True,True,0.9863141775131226,True,True
Indian,Female,40-49,Indian\Indian_Female_40-49_055.jpg,Indian\Indian_Female_40-49_056.jpg,0.9905335307121277,True,0.8035975098609924,True,False,0.6443573236465454,True,False,0.5928817391395569,True,False,0.7768725752830505,True,False,0.46517518162727356,True,False,0.39732110500335693,True,False,0.7645888328552246,True,False
Indian,Female,40-49,Indian\Indian_Female_40-49_057.jpg,Indian\Indian_Female_40-49_058.jpg,1.137275218963623,False,0.9501314163208008,True,True,0.8014942407608032,True,True,0.7464780807495117,True,True,0.9049875736236572,True,True,0.5824082493782043,True,True,0.42925745248794556,True,True,0.9212472438812256,True,True
Indian,Female,50-59,Indian\Indian_Female_50-59_065.jpg,Indian\Indian_Female_50-59_066.jpg,1.2765825986862183,False,1.1220897436141968,False,False,0.9541479349136353,True,True,0.8875399231910706,True,True,1.0962759256362915,False,False,0.7775446772575378,True,True,0.507558286190033,True,True,1.1030441522598267,False,False
Indian,Female,50-59,Indian\Indian_Female_50-59_067.jpg,Indian\Indian_Female_50-59_068.jpg,1.1980472803115845,False,0.9786843061447144,True,True,0.7446550726890564,True,True,0.6719659566879272,True,True,0.9288910627365112,True,True,0.5297621488571167,True,True,0.4408876895904541,True,True,0.9496103525161743,True,True
Indian,Female,60-69,Indian\Indian_Female_60-69_075.jpg,Indian\Indian_Female_60-69_076.jpg,1.3300353288650513,False,1.0913941860198975,False,False,0.9353504776954651,True,True,0.8948394060134888,True,True,1.0314182043075562,False,False,0.7364449501037598,True,True,0.6035140156745911,True,True,1.0632035732269287,False,False
Indian,Female,60-69,Indian\Indian_Female_60-69_077.jpg,Indian\Indian_Female_60-69_078.jpg,1.02553391456604,False,0.8477767705917358,True,True,0.7178605794906616,True,True,0.6967869997024536,True,True,0.7904999852180481,True,True,0.5536627769470215,True,True,0.4757474958896637,True,True,0.7958300709724426,True,True
Indian,Female,70+,Indian\Indian_Female_70+_085.jpg,Indian\Indian_Female_70+_086.jpg,1.1365090608596802,False,0.9366973042488098,True,True,0.7218937873840332,True,True,0.6503406763076782,True,True,0.9013678431510925,True,True,0.5177994966506958,True,True,0.4233377277851105,True,True,0.9266862869262695,True,True
Indian,Female,70+,Indian\Indian_Female_70+_087.jpg,Indian\Indian_Female_70+_088.jpg,1.048190712928772,False,0.9322501420974731,True,True,0.7926796674728394,True,True,0.7259320020675659,True,True,0.9106497764587402,True,True,0.6328977346420288,True,True,0.4818994998931885,True,True,0.9096360206604004,True,True
Indian,Male,0-2,Indian\Indian_Male_0-2_000.jpg,Indian\Indian_Male_0-2_001.jpg,0.6946015954017639,True,0.5179399251937866,True,False,0.4044993221759796,True,False,0.40900903940200806,True,False,0.48351916670799255,True,False,0.2884202301502228,True,False,0.25754690170288086,True,False,0.4891686737537384,True,False
Indian,Male,0-2,Indian\Indian_Male_0-2_002.jpg,Indian\Indian_Male_0-2_003.jpg,0.8051570653915405,True,0.6383361220359802,True,False,0.5141798257827759,True,False,0.491704523563385,True,False,0.6081963777542114,True,False,0.32635757327079773,True,False,0.2737543284893036,True,False,0.5912870168685913,True,False
Indian,Male,10-19,Indian\Indian_Male_10-19_020.jpg,Indian\Indian_Male_10-19_021.jpg,1.255036473274231,False,1.1330394744873047,False,False,0.9652106761932373,True,True,0.8857336044311523,True,True,1.1123749017715454,False,False,0.808890700340271,True,True,0.5678535103797913,True,True,1.1282083988189697,False,False
Indian,Male,10-19,Indian\Indian_Male_10-19_022.jpg,Indian\Indian_Male_10-19_023.jpg,1.303216576576233,False,1.1806412935256958,False,False,1.0511536598205566,False,False,0.9979612827301025,True,True,1.1565154790878296,False,False,0.8691666722297668,True,True,0.6556921601295471,True,True,1.1539528369903564,False,False
Indian,Male,20-29,Indian\Indian_Male_20-29_030.jpg,Indian\Indian_Male_20-29_031.jpg,1.1435229778289795,False,0.943210780620575,True,True,0.7881664633750916,True,True,0.7499232888221741,True,True,0.8935026526451111,True,True,0.5045345425605774,True,True,0.4350554347038269,True,True,0.891265869140625,True,True
Indian,Male,20-29,Indian\Indian_Male_20-29_032.jpg,Indian\Indian_Male_20-29_033.jpg,1.2151206731796265,False,0.9725724458694458,True,True,0.8475447297096252,True,True,0.8797757625579834,True,True,0.862423300743103,True,True,0.5845054984092712,True,True,0.5983545780181885,True,True,0.8645685911178589,True,True
Indian,Male,3-9,Indian\Indian_Male_3-9_010.jpg,Indian\Indian_Male_3-9_011.jpg,1.1839975118637085,False,0.900078296661377,True,True,0.7337433695793152,True,True,0.7295366525650024,True,True,0.8097571730613708,True,True,0.41926413774490356,True,True,0.4162931740283966,True,True,0.8131697177886963,True,True
Indian,Male,3-9,Indian\Indian_Male_3-9_012.jpg,Indian\Indian_Male_3-9_013.jpg,0.9761316776275635,True,0.8080852031707764,True,False,0.6936784982681274,True,False,0.6702685952186584,True,False,0.7741532325744629,True,False,0.5064901113510132,True,False,0.42895400524139404,True,False,0.780073344707489,True,False
Indian,Male,30-39,Indian\Indian_Male_30-39_040.jpg,Indian\Indian_Male_30-39_041.jpg,1.1690871715545654,False,0.9382023215293884,True,True,0.8851566314697266,True,True,0.899693489074707,True,True,0.7069161534309387,True,True,0.48457828164100647,True,True,0.5338481068611145,True,True,0.7275607585906982,True,True
Indian,Male,30-39,Indian\Indian_Male_30-39_042.jpg,Indian\Indian_Male_30-39_043.jpg,1.0989797115325928,False,0.8492348194122314,True,True,0.7785494923591614,True,True,0.8225606679916382,True,True,0.7677196860313416,True,True,0.5518362522125244,True,True,0.5151933431625366,True,True,0.7891188263893127,True,True
Indian,Male,40-49,Indian\Indian_Male_40-49_050.jpg,Indian\Indian_Male_40-49_051.jpg,1.2516313791275024,False,1.061767339706421,False,False,0.9681336283683777,True,True,0.9527440667152405,True,True,0.9787050485610962,True,True,0.7386921644210815,True,True,0.6343399286270142,True,True,1.0008678436279297,False,False
Indian,Male,40-49,Indian\Indian_Male_40-49_052.jpg,Indian\Indian_Male_40-49_053.jpg,1.0339049100875854,False,0.8889585137367249,True,True,0.7868327498435974,True,True,0.7609519958496094,True,True,0.8598862886428833,True,True,0.6001478433609009,True,True,0.465343713760376,True,True,0.8795933723449707,True,True
Indian,Male,50-59,Indian\Indian_Male_50-59_060.jpg,Indian\Indian_Male_50-59_061.jpg,1.0725328922271729,False,0.8497732281684875,True,True,0.7385122179985046,True,True,0.7187705039978027,True,True,0.7992388606071472,True,True,0.5387526154518127,True,True,0.4775724709033966,True,True,0.818766713142395,True,True
Indian,Male,50-59,Indian\Indian_Male_50-59_062.jpg,Indian\Indian_Male_50-59_063.jpg,1.2783362865447998,False,0.9295008778572083,True,True,0.9583935737609863,True,True,1.1122448444366455,False,False,0.774109959602356,True,True,0.5198090672492981,True,True,0.5073973536491394,True,True,0.7003145813941956,True,True
Indian,Male,60-69,Indian\Indian_Male_60-69_070.jpg,Indian\Indian_Male_60-69_071.jpg,1.1053388118743896,False,0.8734403848648071,True,True,0.739675760269165,True,True,0.711540699005127,True,True,0.8073817491531372,True,True,0.47411903738975525,True,True,0.3873923718929291,True,True,0.8117512464523315,True,True
Indian,Male,60-69,Indian\Indian_Male_60-69_072.jpg,Indian\Indian_Male_60-69_073.jpg,1.277084469795227,False,1.1526914834976196,False,False,1.0378237962722778,False,False,0.9958586096763611,True,True,1.108586311340332,False,False,0.7059615254402161,True,True,0.6259787082672119,True,True,1.1312005519866943,False,False
Indian,Male,70+,Indian\Indian_Male_70+_080.jpg,Indian\Indian_Male_70+_081.jpg,1.0969181060791016,False,0.9432584643363953,True,True,0.8071887493133545,True,True,0.75480717420578,True,True,0.9175912141799927,True,True,0.6262646913528442,True,True,0.4634382128715515,True,True,0.9247607588768005,True,True
Indian,Male,70+,Indian\Indian_Male_70+_082.jpg,Indian\Indian_Male_70+_083.jpg,0.9983819723129272,True,0.7467600703239441,True,False,0.6144565939903259,True,False,0.5820735096931458,True,False,0.6778616905212402,True,False,0.3718152940273285,True,False,0.29237136244773865,True,False,0.699713945388794,True,False
Latino_Hispanic,Female,0-2,Latino_Hispanic\Latino_Hispanic_Female_0-2_005.jpg,Latino_Hispanic\Latino_Hispanic_Female_0-2_006.jpg,0.8996126055717468,True,0.7595868706703186,True,False,0.5961147546768188,True,False,0.5267542004585266,True,False,0.7358857989311218,True,False,0.4035075604915619,True,False,0.2903886139392853,True,False,0.7190120220184326,True,False
Latino_Hispanic,Female,0-2,Latino_Hispanic\Latino_Hispanic_Female_0-2_007.jpg,Latino_Hispanic\Latino_Hispanic_Female_0-2_008.jpg,1.39652681350708,False,1.1513144969940186,False,False,1.0097839832305908,False,False,1.0149511098861694,False,False,0.9880933165550232,True,True,0.5475303530693054,True,True,0.45006659626960754,True,True,0.9836915135383606,True,True
Latino_Hispanic,Female,10-19,Latino_Hispanic\Latino_Hispanic_Female_10-19_025.jpg,Latino_Hispanic\Latino_Hispanic_Female_10-19_026.jpg,1.2901921272277832,False,1.0394220352172852,False,False,0.9170836806297302,True,True,0.9113063812255859,True,True,0.9655903577804565,True,True,0.6777207255363464,True,True,0.5715965628623962,True,True,0.9504329562187195,True,True
Latino_Hispanic,Female,10-19,Latino_Hispanic\Latino_Hispanic_Female_10-19_027.jpg,Latino_Hispanic\Latino_Hispanic_Female_10-19_028.jpg,1.1426619291305542,False,0.9719583988189697,True,True,0.8115481734275818,True,True,0.7592599987983704,True,True,0.9357945919036865,True,True,0.5518700480461121,True,True,0.3824754059314728,True,True,0.9125508666038513,True,True
Latino_Hispanic,Female,20-29,Latino_Hispanic\Latino_Hispanic_Female_20-29_035.jpg,Latino_Hispanic\Latino_Hispanic_Female_20-29_036.jpg,1.322464108467102,False,1.225495457649231,False,False,1.107255220413208,False,False,1.0458287000656128,False,False,1.2130699157714844,False,False,0.9913570284843445,True,True,0.7791356444358826,True,True,1.192495584487915,False,False
Latino_Hispanic,Female,20-29,Latino_Hispanic\Latino_Hispanic_Female_20-29_037.jpg,Latino_Hispanic\Latino_Hispanic_Female_20-29_038.jpg,1.19218909740448,False,1.0611493587493896,False,False,0.9302993416786194,True,True,0.8783369064331055,True,True,1.0354710817337036,False,False,0.7459694147109985,True,True,0.5732518434524536,True,True,1.0255836248397827,False,False
Latino_Hispanic,Female,3-9,Latino_Hispanic\Latino_Hispanic_Female_3-9_015.jpg,Latino_Hispanic\Latino_Hispanic_Female_3-9_016.jpg,1.100161075592041,False,0.8881583213806152,True,True,0.7208492755889893,True,True,0.7140579223632812,True,True,0.844643771648407,True,True,0.4835996925830841,True,True,0.3969877362251282,True,True,0.8343014121055603,True,True
Latino_Hispanic,Female,3-9,Latino_Hispanic\Latino_Hispanic_Female_3-9_017.jpg,Latino_Hispanic\Latino_Hispanic_Female_3-9_018.jpg,1.0593829154968262,False,0.7936525940895081,True,True,0.648735523223877,True,True,0.635175883769989,True,True,0.7305530905723572,True,True,0.43057361245155334,True,True,0.39599090814590454,True,True,0.7162439227104187,True,True
Latino_Hispanic,Female,30-39,Latino_Hispanic\Latino_Hispanic_Female_30-39_045.jpg,Latino_Hispanic\Latino_Hispanic_Female_30-39_046.jpg,0.9845874309539795,True,0.8019489049911499,True,False,0.7043772339820862,True,False,0.6738904118537903,True,False,0.7574370503425598,True,False,0.48311683535575867,True,False,0.41236573457717896,True,False,0.7808120846748352,True,False
Latino_Hispanic,Female,30-39,Latino_Hispanic\Latino_Hispanic_Female_30-39_047.jpg,Latino_Hispanic\Latino_Hispanic_Female_30-39_048.jpg,1.0356085300445557,False,0.8735379576683044,True,True,0.7211312651634216,True,True,0.6902321577072144,True,True,0.8363635540008545,True,True,0.5204076766967773,True,True,0.43346819281578064,True,True,0.8237851858139038,True,True
Latino_Hispanic,Female,40-49,Latino_Hispanic\Latino_Hispanic_Female_40-49_055.jpg,Latino_Hispanic\Latino_Hispanic_Female_40-49_056.jpg,1.1669301986694336,False,1.022419810295105,False,False,0.8638167381286621,True,True,0.7925069332122803,True,True,0.9985631108283997,True,True,0.6931034326553345,True,True,0.5204002857208252,True,True,0.9919717907905579,True,True
Latino_Hispanic,Female,40-49,Latino_Hispanic\Latino_Hispanic_Female_40-49_057.jpg,Latino_Hispanic\Latino_Hispanic_Female_40-49_058.jpg,1.2788479328155518,False,1.1558493375778198,False,False,1.068700909614563,False,False,1.045899748802185,False,False,1.1023708581924438,False,False,0.8776480555534363,True,True,0.7776849269866943,True,True,1.1031031608581543,False,False
Latino_Hispanic,Female,50-59,Latino_Hispanic\Latino_Hispanic_Female_50-59_065.jpg,Latino_Hispanic\Latino_Hispanic_Female_50-59_066.jpg,1.133456826210022,False,0.9605457186698914,True,True,0.8907328248023987,True,True,0.8827242851257324,True,True,0.9013243317604065,True,True,0.6990613341331482,True,True,0.6215896010398865,True,True,0.9172612428665161,True,True
Latino_Hispanic,Female,50-59,Latino_Hispanic\Latino_Hispanic_Female_50-59_067.jpg,Latino_Hispanic\Latino_Hispanic_Female_50-59_068.jpg,1.100823163986206,False,0.9294084310531616,True,True,0.9096565246582031,True,True,0.894723117351532,True,True,0.854590654373169,True,True,0.6148613691329956,True,True,0.529110848903656,True,True,0.8732243180274963,True,True
Latino_Hispanic,Female,60-69,Latino_Hispanic\Latino_Hispanic_Female_60-69_075.jpg,Latino_Hispanic\Latino_Hispanic_Female_60-69_076.jpg,1.0212498903274536,False,0.8721516728401184,True,True,0.7207816243171692,True,True,0.6795479655265808,True,True,0.845526397228241,True,True,0.5776081085205078,True,True,0.48312652111053467,True,True,0.8477009534835815,True,True
Latino_Hispanic,Female,60-69,Latino_Hispanic\Latino_Hispanic_Female_60-69_077.jpg,Latino_Hispanic\Latino_Hispanic_Female_60-69_078.jpg,0.8926306366920471,True,0.7318984866142273,True,False,0.6695092916488647,True,False,0.6548455357551575,True,False,0.6381528377532959,True,False,0.4446752965450287,True,False,0.4238584339618683,True,False,0.643246591091156,True,False
Latino_Hispanic,Female,70+,Latino_Hispanic\Latino_Hispanic_Female_70+_081.jpg,Latino_Hispanic\Latino_Hispanic_Female_70+_082.jpg,1.2012971639633179,False,0.971251904964447,True,True,0.8609020709991455,True,True,0.8689804077148438,True,True,0.872637152671814,True,True,0.6208574771881104,True,True,0.5419060587882996,True,True,0.9003956317901611,True,True
Latino_Hispanic,Male,0-2,Latino_Hispanic\Latino_Hispanic_Male_0-2_000.jpg,Latino_Hispanic\Latino_Hispanic_Male_0-2_001.jpg,0.8951096534729004,True,0.6843995451927185,True,False,0.5326287746429443,True,False,0.5273911356925964,True,False,0.6379693150520325,True,False,0.3142103850841522,True,False,0.291610985994339,True,False,0.66434645652771,True,False
Latino_Hispanic,Male,0-2,Latino_Hispanic\Latino_Hispanic_Male_0-2_002.jpg,Latino_Hispanic\Latino_Hispanic_Male_0-2_003.jpg,1.0556449890136719,False,0.8891591429710388,True,True,0.6971741318702698,True,True,0.631424605846405,True,True,0.8613080978393555,True,True,0.5300835967063904,True,True,0.40188729763031006,True,True,0.8524866104125977,True,True
Latino_Hispanic,Male,10-19,Latino_Hispanic\Latino_Hispanic_Male_10-19_020.jpg,Latino_Hispanic\Latino_Hispanic_Male_10-19_021.jpg,1.202350378036499,False,0.9614808559417725,True,True,0.7918758988380432,True,True,0.780742347240448,True,True,0.8721212148666382,True,True,0.5108104944229126,True,True,0.3983663320541382,True,True,0.9073060750961304,True,True
Latino_Hispanic,Male,10-19,Latino_Hispanic\Latino_Hispanic_Male_10-19_022.jpg,Latino_Hispanic\Latino_Hispanic_Male_10-19_023.jpg,1.3276445865631104,False,1.0736680030822754,False,False,0.8939525485038757,True,True,0.854025661945343,True,True,1.0173916816711426,False,False,0.62143874168396,True,True,0.48369190096855164,True,True,1.0122294425964355,False,False
Latino_Hispanic,Male,20-29,Latino_Hispanic\Latino_Hispanic_Male_20-29_030.jpg,Latino_Hispanic\Latino_Hispanic_Male_20-29_031.jpg,1.0975605249404907,False,0.9138377904891968,True,True,0.7982864379882812,True,True,0.8053277730941772,True,True,0.8626060485839844,True,True,0.5931760668754578,True,True,0.48867741227149963,True,True,0.8719956874847412,True,True
Latino_Hispanic,Male,20-29,Latino_Hispanic\Latino_Hispanic_Male_20-29_032.jpg,Latino_Hispanic\Latino_Hispanic_Male_20-29_033.jpg,1.2361936569213867,False,1.0313791036605835,False,False,0.8311500549316406,True,True,0.7765487432479858,True,True,0.988456666469574,True,True,0.5362852811813354,True,True,0.4435827136039734,True,True,0.9506088495254517,True,True
Latino_Hispanic,Male,3-9,Latino_Hispanic\Latino_Hispanic_Male_3-9_010.jpg,Latino_Hispanic\Latino_Hispanic_Male_3-9_011.jpg,1.2131675481796265,False,1.0494235754013062,False,False,0.9869207739830017,True,True,1.0094653367996216,False,False,0.987504243850708,True,True,0.7955092787742615,True,True,0.7070216536521912,True,True,1.016131043434143,False,False
Latino_Hispanic,Male,3-9,Latino_Hispanic\Latino_Hispanic_Male_3-9_012.jpg,Latino_Hispanic\Latino_Hispanic_Male_3-9_013.jpg,0.9290932416915894,True,0.7412269115447998,True,False,0.5980161428451538,True,False,0.5635975003242493,True,False,0.6998135447502136,True,False,0.40002626180648804,True,False,0.3425038456916809,True,False,0.7074270844459534,True,False
Latino_Hispanic,Male,30-39,Latino_Hispanic\Latino_Hispanic_Male_30-39_040.jpg,Latino_Hispanic\Latino_Hispanic_Male_30-39_041.jpg,1.0289698839187622,False,0.8457733988761902,True,True,0.7170600295066833,True,True,0.697310209274292,True,True,0.8090739250183105,True,True,0.47427862882614136,True,True,0.39203694462776184,True,True,0.8232215642929077,True,True
Latino_Hispanic,Male,30-39,Latino_Hispanic\Latino_Hispanic_Male_30-39_042.jpg,Latino_Hispanic\Latino_Hispanic_Male_30-39_043.jpg,1.1084551811218262,False,0.8709388971328735,True,True,0.7177481651306152,True,True,0.6741177439689636,True,True,0.8039294481277466,True,True,0.4908047914505005,True,True,0.43883469700813293,True,True,0.8070697784423828,True,True
Latino_Hispanic,Male,40-49,Latino_Hispanic\Latino_Hispanic_Male_40-49_050.jpg,Latino_Hispanic\Latino_Hispanic_Male_40-49_051.jpg,1.227931261062622,False,1.0521587133407593,False,False,0.9009462594985962,True,True,0.8515074253082275,True,True,1.0167608261108398,False,False,0.7183258533477783,True,True,0.5816289782524109,True,True,1.0334303379058838,False,False
Latino_Hispanic,Male,40-49,Latino_Hispanic\Latino_Hispanic_Male_40-49_052.jpg,Latino_Hispanic\Latino_Hispanic_Male_40-49_053.jpg,1.0301687717437744,False,0.7165452241897583,True,True,0.6977930665016174,True,True,0.7074245810508728,True,True,0.5658111572265625,True,True,0.3990797996520996,True,True,0.36729636788368225,True,True,0.5926671028137207,True,True
Latino_Hispanic,Male,50-59,Latino_Hispanic\Latino_Hispanic_Male_50-59_060.jpg,Latino_Hispanic\Latino_Hispanic_Male_50-59_061.jpg,1.22941255569458,False,1.0764946937561035,False,False,0.9147002100944519,True,True,0.8551371097564697,True,True,1.050890326499939,False,False,0.7257421016693115,True,True,0.5173225402832031,True,True,1.0482155084609985,False,False
Latino_Hispanic,Male,50-59,Latino_Hispanic\Latino_Hispanic_Male_50-59_062.jpg,Latino_Hispanic\Latino_Hispanic_Male_50-59_063.jpg,1.1424710750579834,False,0.9334805011749268,True,True,0.820000171661377,True,True,0.8172100186347961,True,True,0.8709651827812195,True,True,0.5583763718605042,True,True,0.5008422136306763,True,True,0.8997471332550049,True,True
Latino_Hispanic,Male,60-69,Latino_Hispanic\Latino_Hispanic_Male_60-69_070.jpg,Latino_Hispanic\Latino_Hispanic_Male_60-69_071.jpg,1.1029469966888428,False,0.871951699256897,True,True,0.7517240047454834,True,True,0.7386365532875061,True,True,0.8063688278198242,True,True,0.5031163692474365,True,True,0.4135946035385132,True,True,0.8145727515220642,True,True
Latino_Hispanic,Male,60-69,Latino_Hispanic\Latino_Hispanic_Male_60-69_072.jpg,Latino_Hispanic\Latino_Hispanic_Male_60-69_073.jpg,1.0607742071151733,False,0.8800923228263855,True,True,0.7134171724319458,True,True,0.6585003733634949,True,True,0.851612389087677,True,True,0.5260713696479797,True,True,0.39370909333229065,True,True,0.873758852481842,True,True
Latino_Hispanic,Male,70+,Latino_Hispanic\Latino_Hispanic_Male_70+_080.jpg,Latino_Hispanic\Latino_Hispanic_Male_70+_081.jpg,1.0825340747833252,False,0.8972155451774597,True,True,0.76438969373703,True,True,0.7351183891296387,True,True,0.8542736768722534,True,True,0.5284415483474731,True,True,0.41933244466781616,True,True,0.8721904158592224,True,True
Latino_Hispanic,Male,70+,Latino_Hispanic\Latino_Hispanic_Male_70+_082.jpg,Latino_Hispanic\Latino_Hispanic_Male_70+_083.jpg,0.9943814277648926,True,0.7810544371604919,True,False,0.6398220658302307,True,False,0.61150723695755,True,False,0.7259048223495483,True,False,0.4521196484565735,True,False,0.384775847196579,True,False,0.7396632432937622,True,False
Middle_Eastern,Female,0-2,Middle_Eastern\Middle_Eastern_Female_0-2_005.jpg,Middle_Eastern\Middle_Eastern_Female_0-2_006.jpg,0.9206540584564209,True,0.7639749050140381,True,False,0.6506912112236023,True,False,0.6381166577339172,True,False,0.735455334186554,True,False,0.48422837257385254,True,False,0.4060754179954529,True,False,0.7242461442947388,True,False
Middle_Eastern,Female,10-19,Middle_Eastern\Middle_Eastern_Female_10-19_022.jpg,Middle_Eastern\Middle_Eastern_Female_10-19_023.jpg,1.3943777084350586,False,1.2483456134796143,False,False,1.1850122213363647,False,False,1.1816436052322388,False,False,1.1469191312789917,False,False,0.9156253933906555,True,True,0.8092370629310608,True,True,1.1604560613632202,False,False
Middle_Eastern,Female,10-19,Middle_Eastern\Middle_Eastern_Female_10-19_024.jpg,Middle_Eastern\Middle_Eastern_Female_10-19_025.jpg,0.9498788118362427,True,0.7828178405761719,True,False,0.6702513694763184,True,False,0.6565443873405457,True,False,0.7424898147583008,True,False,0.45687636733055115,True,False,0.39632079005241394,True,False,0.742674708366394,True,False
Middle_Eastern,Female,20-29,Middle_Eastern\Middle_Eastern_Female_20-29_032.jpg,Middle_Eastern\Middle_Eastern_Female_20-29_033.jpg,1.1672126054763794,False,1.0488321781158447,False,False,0.9116189479827881,True,True,0.8433392643928528,True,True,1.027366280555725,False,False,0.732642650604248,True,True,0.5924071073532104,True,True,1.0020947456359863,False,False
Middle_Eastern,Female,20-29,Middle_Eastern\Middle_Eastern_Female_20-29_034.jpg,Middle_Eastern\Middle_Eastern_Female_20-29_035.jpg,1.249374508857727,False,1.0580217838287354,False,False,0.8755189776420593,True,True,0.8187938332557678,True,True,1.0063765048980713,False,False,0.5709649324417114,True,True,0.5021303296089172,True,True,1.0069587230682373,False,False
Middle_Eastern,Female,3-9,Middle_Eastern\Middle_Eastern_Female_3-9_012.jpg,Middle_Eastern\Middle_Eastern_Female_3-9_013.jpg,1.2812684774398804,False,1.1370047330856323,False,False,0.9460374712944031,True,True,0.8466194868087769,True,True,1.1160277128219604,False,False,0.7601310014724731,True,True,0.5302119255065918,True,True,1.0847241878509521,False,False
Middle_Eastern,Female,3-9,Middle_Eastern\Middle_Eastern_Female_3-9_014.jpg,Middle_Eastern\Middle_Eastern_Female_3-9_015.jpg,0.9234352707862854,True,0.764750599861145,True,False,0.6414258480072021,True,False,0.6302148103713989,True,False,0.7310062646865845,True,False,0.44140419363975525,True,False,0.37991127371788025,True,False,0.7329079508781433,True,False
Middle_Eastern,Female,30-39,Middle_Eastern\Middle_Eastern_Female_30-39_042.jpg,Middle_Eastern\Middle_Eastern_Female_30-39_043.jpg,1.2232822179794312,False,1.0020997524261475,False,False,0.8933525085449219,True,True,0.8694478869438171,True,True,0.9345687031745911,True,True,0.61334228515625,True,True,0.53826904296875,True,True,0.915290117263794,True,True
Middle_Eastern,Female,30-39,Middle_Eastern\Middle_Eastern_Female_30-39_044.jpg,Middle_Eastern\Middle_Eastern_Female_30-39_045.jpg,1.2541414499282837,False,1.0468062162399292,False,False,0.9388980865478516,True,True,0.941240668296814,True,True,0.9828380942344666,True,True,0.6741288304328918,True,True,0.5881733298301697,True,True,0.9995690584182739,True,True
Middle_Eastern,Female,40-49,Middle_Eastern\Middle_Eastern_Female_40-49_052.jpg,Middle_Eastern\Middle_Eastern_Female_40-49_053.jpg,1.082851529121399,False,0.9128438830375671,True,True,0.8197687864303589,True,True,0.8031458258628845,True,True,0.8448659777641296,True,True,0.6124440431594849,True,True,0.517268717288971,True,True,0.8602419495582581,True,True
Middle_Eastern,Female,40-49,Middle_Eastern\Middle_Eastern_Female_40-49_054.jpg,Middle_Eastern\Middle_Eastern_Female_40-49_055.jpg,1.1951320171356201,False,1.009987473487854,False,False,0.8003048300743103,True,True,0.7308874726295471,True,True,0.9704622030258179,True,True,0.5950415730476379,True,True,0.4943373501300812,True,True,0.9833815693855286,True,True
Middle_Eastern,Female,50-59,Middle_Eastern\Middle_Eastern_Female_50-59_062.jpg,Middle_Eastern\Middle_Eastern_Female_50-59_063.jpg,1.0341696739196777,False,0.8725244998931885,True,True,0.8032913208007812,True,True,0.8127728700637817,True,True,0.8107279539108276,True,True,0.554643452167511,True,True,0.5289540886878967,True,True,0.8312785029411316,True,True
Middle_Eastern,Female,50-59,Middle_Eastern\Middle_Eastern_Female_50-59_064.jpg,Middle_Eastern\Middle_Eastern_Female_50-59_065.jpg,0.872352123260498,True,0.6661837697029114,True,False,0.6067199110984802,True,False,0.6238734126091003,True,False,0.5953204035758972,True,False,0.3917618691921234,True,False,0.3571036159992218,True,False,0.6381187438964844,True,False
Middle_Eastern,Female,60-69,Middle_Eastern\Middle_Eastern_Female_60-69_072.jpg,Middle_Eastern\Middle_Eastern_Female_60-69_073.jpg,1.1438608169555664,False,0.9563052654266357,True,True,0.8110213875770569,True,True,0.7712315917015076,True,True,0.9086116552352905,True,True,0.5787776112556458,True,True,0.4747025668621063,True,True,0.8827062845230103,True,True
Middle_Eastern,Female,60-69,Middle_Eastern\Middle_Eastern_Female_60-69_074.jpg,Middle_Eastern\Middle_Eastern_Female_60-69_075.jpg,1.1741905212402344,False,0.9975718259811401,True,True,0.8369553685188293,True,True,0.7821133136749268,True,True,0.9621593952178955,True,True,0.6502236127853394,True,True,0.48057225346565247,True,True,0.9468564987182617,True,True
Middle_Eastern,Female,70+,Middle_Eastern\Middle_Eastern_Female_70+_082.jpg,Middle_Eastern\Middle_Eastern_Female_70+_083.jpg,1.2190223932266235,False,1.0743523836135864,False,False,0.9363508820533752,True,True,0.8990537524223328,True,True,1.036712646484375,False,False,0.672793447971344,True,True,0.5617751479148865,True,True,1.0527269840240479,False,False
Middle_Eastern,Female,70+,Middle_Eastern\Middle_Eastern_Female_70+_084.jpg,Middle_Eastern\Middle_Eastern_Female_70+_085.jpg,1.0670652389526367,False,0.859029233455658,True,True,0.6919082403182983,True,True,0.6665827035903931,True,True,0.8155987858772278,True,True,0.46156075596809387,True,True,0.3945784568786621,True,True,0.8067161440849304,True,True
Middle_Eastern,Male,0-2,Middle_Eastern\Middle_Eastern_Male_0-2_000.jpg,Middle_Eastern\Middle_Eastern_Male_0-2_001.jpg,0.8308342099189758,True,0.6697376370429993,True,False,0.5875476598739624,True,False,0.5886759757995605,True,False,0.6113379001617432,True,False,0.346567302942276,True,False,0.3592725992202759,True,False,0.6239834427833557,True,False
Middle_Eastern,Male,0-2,Middle_Eastern\Middle_Eastern_Male_0-2_002.jpg,Middle_Eastern\Middle_Eastern_Male_0-2_003.jpg,0.4575052857398987,True,0.31173983216285706,True,False,0.27271026372909546,True,False,0.3106711804866791,True,False,0.2720188796520233,True,False,0.15235237777233124,True,False,0.185303196310997,True,False,0.27581340074539185,True,False
Middle_Eastern,Male,10-19,Middle_Eastern\Middle_Eastern_Male_10-19_017.jpg,Middle_Eastern\Middle_Eastern_Male_10-19_018.jpg,1.3585994243621826,False,1.1137794256210327,False,False,1.0647541284561157,False,False,1.0938352346420288,False,False,0.8360648155212402,True,True,0.6358990669250488,True,True,0.5856263637542725,True,True,0.8980854749679565,True,True
Middle_Eastern,Male,10-19,Middle_Eastern\Middle_Eastern_Male_10-19_019.jpg,Middle_Eastern\Middle_Eastern_Male_10-19_020.jpg,1.2403112649917603,False,1.0067875385284424,False,False,0.87918621301651,True,True,0.8666108250617981,True,True,0.9427762627601624,True,True,0.5874344706535339,True,True,0.5156159400939941,True,True,0.9240620136260986,True,True
Middle_Eastern,Male,20-29,Middle_Eastern\Middle_Eastern_Male_20-29_027.jpg,Middle_Eastern\Middle_Eastern_Male_20-29_028.jpg,1.1438541412353516,False,1.0139083862304688,False,False,0.8632083535194397,True,True,0.7997444868087769,True,True,0.9917330741882324,True,True,0.7010636925697327,True,True,0.49703454971313477,True,True,0.9988707304000854,True,True
Middle_Eastern,Male,20-29,Middle_Eastern\Middle_Eastern_Male_20-29_029.jpg,Middle_Eastern\Middle_Eastern_Male_20-29_030.jpg,1.2132080793380737,False,1.0235944986343384,False,False,0.8373756408691406,True,True,0.7654696106910706,True,True,0.9900797605514526,True,True,0.5817585587501526,True,True,0.3741625249385834,True,True,0.9996192455291748,True,True
Middle_Eastern,Male,3-9,Middle_Eastern\Middle_Eastern_Male_3-9_007.jpg,Middle_Eastern\Middle_Eastern_Male_3-9_008.jpg,1.0217256546020508,False,0.8832967877388,True,True,0.782277524471283,True,True,0.763095498085022,True,True,0.843546450138092,True,True,0.5394657254219055,True,True,0.4702111482620239,True,True,0.8508695363998413,True,True
Middle_Eastern,Male,3-9,Middle_Eastern\Middle_Eastern_Male_3-9_009.jpg,Middle_Eastern\Middle_Eastern_Male_3-9_010.jpg,1.2748969793319702,False,1.1178784370422363,False,False,1.0129753351211548,False,False,0.9851052165031433,True,True,1.0780378580093384,False,False,0.784143328666687,True,True,0.5824809670448303,True,True,1.0913293361663818,False,False
Middle_Eastern,Male,30-39,Middle_Eastern\Middle_Eastern_Male_30-39_037.jpg,Middle_Eastern\Middle_Eastern_Male_30-39_038.jpg,0.984302818775177,True,0.8090440630912781,True,False,0.7092134952545166,True,False,0.6985401511192322,True,False,0.7577108144760132,True,False,0.5284382700920105,True,False,0.44537392258644104,True,False,0.7742049694061279,True,False
Middle_Eastern,Male,30-39,Middle_Eastern\Middle_Eastern_Male_30-39_039.jpg,Middle_Eastern\Middle_Eastern_Male_30-39_040.jpg,1.1802171468734741,False,0.9395049810409546,True,True,0.8881261944770813,True,True,0.9118545055389404,True,True,0.7957395315170288,True,True,0.5732144117355347,True,True,0.5110764503479004,True,True,0.8114299178123474,True,True
Middle_Eastern,Male,40-49,Middle_Eastern\Middle_Eastern_Male_40-49_047.jpg,Middle_Eastern\Middle_Eastern_Male_40-49_048.jpg,1.163567304611206,False,0.988644540309906,True,True,0.8064921498298645,True,True,0.7365880608558655,True,True,0.9531348347663879,True,True,0.6024294495582581,True,True,0.4160478711128235,True,True,0.9826997518539429,True,True
Middle_Eastern,Male,40-49,Middle_Eastern\Middle_Eastern_Male_40-49_049.jpg,Middle_Eastern\Middle_Eastern_Male_40-49_050.jpg,1.2100297212600708,False,1.0814746618270874,False,False,0.9666147828102112,True,True,0.9246074557304382,True,True,1.047479271888733,False,False,0.7802428007125854,True,True,0.6301239132881165,True,True,1.0610101222991943,False,False
Middle_Eastern,Male,50-59,Middle_Eastern\Middle_Eastern_Male_50-59_057.jpg,Middle_Eastern\Middle_Eastern_Male_50-59_058.jpg,0.8517975807189941,True,0.6925382018089294,True,False,0.6037857532501221,True,False,0.5933564305305481,True,False,0.6165565252304077,True,False,0.4162752032279968,True,False,0.34621015191078186,True,False,0.6415684223175049,True,False
Middle_Eastern,Male,50-59,Middle_Eastern\Middle_Eastern_Male_50-59_059.jpg,Middle_Eastern\Middle_Eastern_Male_50-59_060.jpg,1.1229960918426514,False,0.9709215760231018,True,True,0.8439331650733948,True,True,0.8064625263214111,True,True,0.9353789687156677,True,True,0.6452565789222717,True,True,0.4935927987098694,True,True,0.9409044981002808,True,True
Middle_Eastern,Male,60-69,Middle_Eastern\Middle_Eastern_Male_60-69_067.jpg,Middle_Eastern\Middle_Eastern_Male_60-69_068.jpg,1.0026440620422363,False,0.8437536358833313,True,True,0.7497615814208984,True,True,0.7171953320503235,True,True,0.7950446605682373,True,True,0.5709271430969238,True,True,0.4779617190361023,True,True,0.8017219305038452,True,True
Middle_Eastern,Male,60-69,Middle_Eastern\Middle_Eastern_Male_60-69_069.jpg,Middle_Eastern\Middle_Eastern_Male_60-69_070.jpg,1.1789542436599731,False,0.9561518430709839,True,True,0.8067144155502319,True,True,0.7843469977378845,True,True,0.869117259979248,True,True,0.47805505990982056,True,True,0.4073396623134613,True,True,0.8559128642082214,True,True
Middle_Eastern,Male,70+,Middle_Eastern\Middle_Eastern_Male_70+_077.jpg,Middle_Eastern\Middle_Eastern_Male_70+_078.jpg,1.1411430835723877,False,1.0440394878387451,False,False,0.9339392185211182,True,True,0.8878093957901001,True,True,1.02505362033844,False,False,0.7752862572669983,True,True,0.5857980847358704,True,True,1.0253709554672241,False,False
Middle_Eastern,Male,70+,Middle_Eastern\Middle_Eastern_Male_70+_079.jpg,Middle_Eastern\Middle_Eastern_Male_70+_080.jpg,1.1453841924667358,False,1.0040827989578247,False,False,0.8517069816589355,True,True,0.7763904929161072,True,True,0.9786576628684998,True,True,0.6736887693405151,True,True,0.45540082454681396,True,True,0.9792516231536865,True,True
Southeast_Asian,Female,0-2,Southeast_Asian\Southeast_Asian_Female_0-2_005.jpg,Southeast_Asian\Southeast_Asian_Female_0-2_006.jpg,0.835314154624939,True,0.6367670893669128,True,False,0.5267509818077087,True,False,0.5367454290390015,True,False,0.5700945258140564,True,False,0.4222531318664551,True,False,0.4136538803577423,True,False,0.5755375027656555,True,False
Southeast_Asian,Female,0-2,Southeast_Asian\Southeast_Asian_Female_0-2_007.jpg,Southeast_Asian\Southeast_Asian_Female_0-2_008.jpg,0.7578674554824829,True,0.587133526802063,True,False,0.4312809407711029,True,False,0.41552308201789856,True,False,0.5487066507339478,True,False,0.2745915949344635,True,False,0.277182400226593,True,False,0.5365424752235413,True,False
Southeast_Asian,Female,10-19,Southeast_Asian\Southeast_Asian_Female_10-19_025.jpg,Southeast_Asian\Southeast_Asian_Female_10-19_026.jpg,1.1611239910125732,False,0.9702457785606384,True,True,0.8757346868515015,True,True,0.8901699781417847,True,True,0.9010919332504272,True,True,0.5426141619682312,True,True,0.4290848970413208,True,True,0.9247113466262817,True,True
Southeast_Asian,Female,10-19,Southeast_Asian\Southeast_Asian_Female_10-19_027.jpg,Southeast_Asian\Southeast_Asian_Female_10-19_028.jpg,1.0419715642929077,False,0.8880531191825867,True,True,0.7877935171127319,True,True,0.7853677272796631,True,True,0.849092960357666,True,True,0.5619341731071472,True,True,0.43392321467399597,True,True,0.8416044116020203,True,True
Southeast_Asian,Female,20-29,Southeast_Asian\Southeast_Asian_Female_20-29_035.jpg,Southeast_Asian\Southeast_Asian_Female_20-29_036.jpg,1.2592278718948364,False,1.0469536781311035,False,False,0.8538675904273987,True,True,0.8134574890136719,True,True,0.9908891916275024,True,True,0.5271691679954529,True,True,0.4081209599971771,True,True,0.9975999593734741,True,True
Southeast_Asian,Female,20-29,Southeast_Asian\Southeast_Asian_Female_20-29_037.jpg,Southeast_Asian\Southeast_Asian_Female_20-29_038.jpg,1.0066637992858887,False,0.8198153376579285,True,True,0.6659634113311768,True,True,0.6193209886550903,True,True,0.7879843711853027,True,True,0.5045292973518372,True,True,0.4163036346435547,True,True,0.8004721999168396,True,True
Southeast_Asian,Female,3-9,Southeast_Asian\Southeast_Asian_Female_3-9_015.jpg,Southeast_Asian\Southeast_Asian_Female_3-9_016.jpg,1.193938136100769,False,0.9539119005203247,True,True,0.851547360420227,True,True,0.873092770576477,True,True,0.8696144819259644,True,True,0.5584303736686707,True,True,0.4968935251235962,True,True,0.886945903301239,True,True
Southeast_Asian,Female,3-9,Southeast_Asian\Southeast_Asian_Female_3-9_017.jpg,Southeast_Asian\Southeast_Asian_Female_3-9_018.jpg,1.2723740339279175,False,1.0215672254562378,False,False,0.971027135848999,True,True,1.0412801504135132,False,False,0.8911241292953491,True,True,0.5862336754798889,True,True,0.5680691599845886,True,True,0.8713187575340271,True,True
Southeast_Asian,Female,30-39,Southeast_Asian\Southeast_Asian_Female_30-39_045.jpg,Southeast_Asian\Southeast_Asian_Female_30-39_046.jpg,1.0289233922958374,False,0.8962344527244568,True,True,0.7572359442710876,True,True,0.7173108458518982,True,True,0.8680700063705444,True,True,0.5822875499725342,True,True,0.4544254541397095,True,True,0.8587315082550049,True,True
Southeast_Asian,Female,30-39,Southeast_Asian\Southeast_Asian_Female_30-39_047.jpg,Southeast_Asian\Southeast_Asian_Female_30-39_048.jpg,1.1030964851379395,False,0.96042799949646,True,True,0.7890319228172302,True,True,0.7060703635215759,True,True,0.931306004524231,True,True,0.5807133316993713,True,True,0.42769894003868103,True,True,0.909909725189209,True,True
Southeast_Asian,Female,40-49,Southeast_Asian\Southeast_Asian_Female_40-49_055.jpg,Southeast_Asian\Southeast_Asian_Female_40-49_056.jpg,1.2594139575958252,False,1.1232526302337646,False,False,0.9858508706092834,True,True,0.9311869144439697,True,True,1.0932083129882812,False,False,0.785022497177124,True,True,0.6295594573020935,True,True,1.0935391187667847,False,False
Southeast_Asian,Female,40-49,Southeast_Asian\Southeast_Asian_Female_40-49_057.jpg,Southeast_Asian\Southeast_Asian_Female_40-49_058.jpg,1.1448734998703003,False,0.9926168322563171,True,True,0.860731840133667,True,True,0.797837495803833,True,True,0.9484303593635559,True,True,0.5929670929908752,True,True,0.4649655520915985,True,True,0.9434326887130737,True,True
Southeast_Asian,Female,50-59,Southeast_Asian\Southeast_Asian_Female_50-59_065.jpg,Southeast_Asian\Southeast_Asian_Female_50-59_066.jpg,1.2326339483261108,False,1.0874089002609253,False,False,0.938827395439148,True,True,0.8657516241073608,True,True,1.057158350944519,False,False,0.7079219222068787,True,True,0.5045422911643982,True,True,1.0646036863327026,False,False
Southeast_Asian,Female,50-59,Southeast_Asian\Southeast_Asian_Female_50-59_067.jpg,Southeast_Asian\Southeast_Asian_Female_50-59_068.jpg,0.9344357848167419,True,0.7212127447128296,True,False,0.6616013050079346,True,False,0.67827969789505,True,False,0.619498610496521,True,False,0.41295647621154785,True,False,0.4162469804286957,True,False,0.6433507204055786,True,False
Southeast_Asian,Female,60-69,Southeast_Asian\Southeast_Asian_Female_60-69_075.jpg,Southeast_Asian\Southeast_Asian_Female_60-69_076.jpg,1.2457836866378784,False,1.094244360923767,False,False,0.9360120296478271,True,True,0.8731815814971924,True,True,1.067299723625183,False,False,0.7357960939407349,True,True,0.5175122022628784,True,True,1.0699999332427979,False,False
Southeast_Asian,Female,60-69,Southeast_Asian\Southeast_Asian_Female_60-69_077.jpg,Southeast_Asian\Southeast_Asian_Female_60-69_078.jpg,1.2598227262496948,False,1.0727381706237793,False,False,0.9577644467353821,True,True,0.9233205318450928,True,True,1.0188509225845337,False,False,0.7058295607566833,True,True,0.6114380359649658,True,True,1.0110504627227783,False,False
Southeast_Asian,Female,70+,Southeast_Asian\Southeast_Asian_Female_70+_085.jpg,Southeast_Asian\Southeast_Asian_Female_70+_086.jpg,0.8651741743087769,True,0.7436501979827881,True,False,0.635103702545166,True,False,0.6084068417549133,True,False,0.7176538705825806,True,False,0.4525161683559418,True,False,0.362436443567276,True,False,0.7139361500740051,True,False
Southeast_Asian,Female,70+,Southeast_Asian\Southeast_Asian_Female_70+_087.jpg,Southeast_Asian\Southeast_Asian_Female_70+_088.jpg,0.9756577610969543,True,0.7370131015777588,True,False,0.6142863035202026,True,False,0.6095620393753052,True,False,0.6950178146362305,True,False,0.45330578088760376,True,False,0.3948866128921509,True,False,0.6868529915809631,True,False
Southeast_Asian,Male,0-2,Southeast_Asian\Southeast_Asian_Male_0-2_000.jpg,Southeast_Asian\Southeast_Asian_Male_0-2_001.jpg,0.9596814513206482,True,0.782356321811676,True,False,0.7105492949485779,True,False,0.7433992624282837,True,False,0.7342884540557861,True,False,0.5146021246910095,True,False,0.46146726608276367,True,False,0.7422629594802856,True,False
Southeast_Asian,Male,0-2,Southeast_Asian\Southeast_Asian_Male_0-2_002.jpg,Southeast_Asian\Southeast_Asian_Male_0-2_003.jpg,1.0414472818374634,False,0.9400302171707153,True,True,0.8580113053321838,True,True,0.8520212769508362,True,True,0.9182003736495972,True,True,0.7146615386009216,True,True,0.5950681567192078,True,True,0.9253766536712646,True,True
Southeast_Asian,Male,10-19,Southeast_Asian\Southeast_Asian_Male_10-19_020.jpg,Southeast_Asian\Southeast_Asian_Male_10-19_021.jpg,1.3130011558532715,False,1.1987279653549194,False,False,1.0908172130584717,False,False,1.0494128465652466,False,False,1.1606149673461914,False,False,0.8515058159828186,True,True,0.5728124380111694,True,True,1.1528292894363403,False,False
Southeast_Asian,Male,10-19,Southeast_Asian\Southeast_Asian_Male_10-19_022.jpg,Southeast_Asian\Southeast_Asian_Male_10-19_023.jpg,1.1777609586715698,False,1.0356018543243408,False,False,0.9228609204292297,True,True,0.8919328451156616,True,True,1.0003771781921387,False,False,0.6923983097076416,True,True,0.5622878670692444,True,True,0.9895313382148743,True,True
Southeast_Asian,Male,20-29,Southeast_Asian\Southeast_Asian_Male_20-29_030.jpg,Southeast_Asian\Southeast_Asian_Male_20-29_031.jpg,1.3864340782165527,False,1.2731431722640991,False,False,1.1654033660888672,False,False,1.138720154762268,False,False,1.247280478477478,False,False,0.9736343026161194,True,True,0.778530478477478,True,True,1.2304208278656006,False,False
Southeast_Asian,Male,20-29,Southeast_Asian\Southeast_Asian_Male_20-29_032.jpg,Southeast_Asian\Southeast_Asian_Male_20-29_033.jpg,1.252848744392395,False,1.0124868154525757,False,False,0.8738812208175659,True,True,0.8763976097106934,True,True,0.9189544320106506,True,True,0.549755871295929,True,True,0.5608223080635071,True,True,0.9414154887199402,True,True
Southeast_Asian,Male,3-9,Southeast_Asian\Southeast_Asian_Male_3-9_010.jpg,Southeast_Asian\Southeast_Asian_Male_3-9_011.jpg,0.8695915937423706,True,0.6067795157432556,True,False,0.48562541604042053,True,False,0.547360360622406,True,False,0.520554780960083,True,False,0.3347354531288147,True,False,0.36342838406562805,True,False,0.5154771208763123,True,False
Southeast_Asian,Male,3-9,Southeast_Asian\Southeast_Asian_Male_3-9_012.jpg,Southeast_Asian\Southeast_Asian_Male_3-9_013.jpg,0.7264010310173035,True,0.5764498710632324,True,False,0.5039371848106384,True,False,0.5117089152336121,True,False,0.5423522591590881,True,False,0.30107006430625916,True,False,0.2733601927757263,True,False,0.533840000629425,True,False
Southeast_Asian,Male,30-39,Southeast_Asian\Southeast_Asian_Male_30-39_040.jpg,Southeast_Asian\Southeast_Asian_Male_30-39_041.jpg,1.1131857633590698,False,0.8040817975997925,True,True,0.6739912033081055,True,True,0.643024742603302,True,True,0.6942086219787598,True,True,0.36485862731933594,True,True,0.39527177810668945,True,True,0.7113919258117676,True,True
Southeast_Asian,Male,30-39,Southeast_Asian\Southeast_Asian_Male_30-39_042.jpg,Southeast_Asian\Southeast_Asian_Male_30-39_043.jpg,1.273880124092102,False,1.0833585262298584,False,False,0.9035699367523193,True,True,0.8510347604751587,True,True,1.0419656038284302,False,False,0.6371757388114929,True,True,0.5051175951957703,True,True,1.0642690658569336,False,False
Southeast_Asian,Male,40-49,Southeast_Asian\Southeast_Asian_Male_40-49_050.jpg,Southeast_Asian\Southeast_Asian_Male_40-49_051.jpg,1.2060731649398804,False,1.1316368579864502,False,False,1.0681159496307373,False,False,1.045643925666809,False,False,1.1178332567214966,False,False,0.9812378287315369,True,True,0.8908135890960693,True,True,1.1246017217636108,False,False
Southeast_Asian,Male,40-49,Southeast_Asian\Southeast_Asian_Male_40-49_052.jpg,Southeast_Asian\Southeast_Asian_Male_40-49_053.jpg,1.1002534627914429,False,0.8484848737716675,True,True,0.723355770111084,True,True,0.7026979923248291,True,True,0.7702881693840027,True,True,0.42385897040367126,True,True,0.3668955862522125,True,True,0.7872208952903748,True,True
Southeast_Asian,Male,50-59,Southeast_Asian\Southeast_Asian_Male_50-59_060.jpg,Southeast_Asian\Southeast_Asian_Male_50-59_061.jpg,1.017019271850586,False,0.8271785378456116,True,True,0.6918123960494995,True,True,0.676094114780426,True,True,0.7866420745849609,True,True,0.46509116888046265,True,True,0.3563639521598816,True,True,0.787717878818512,True,True
Southeast_Asian,Male,50-59,Southeast_Asian\Southeast_Asian_Male_50-59_062.jpg,Southeast_Asian\Southeast_Asian_Male_50-59_063.jpg,1.0965776443481445,False,0.9549810886383057,True,True,0.806678295135498,True,True,0.7283137440681458,True,True,0.9265550971031189,True,True,0.6195377111434937,True,True,0.4073716104030609,True,True,0.9193661212921143,True,True
Southeast_Asian,Male,60-69,Southeast_Asian\Southeast_Asian_Male_60-69_070.jpg,Southeast_Asian\Southeast_Asian_Male_60-69_071.jpg,1.201086401939392,False,1.0315978527069092,False,False,0.8657156825065613,True,True,0.8066210150718689,True,True,0.9960137605667114,True,True,0.6709133386611938,True,True,0.5238898396492004,True,True,1.0145591497421265,False,False
Southeast_Asian,Male,60-69,Southeast_Asian\Southeast_Asian_Male_60-69_072.jpg,Southeast_Asian\Southeast_Asian_Male_60-69_073.jpg,1.1587424278259277,False,0.9151713252067566,True,True,0.7811421155929565,True,True,0.8066239953041077,True,True,0.830083429813385,True,True,0.601262629032135,True,True,0.5077180862426758,True,True,0.8602925539016724,True,True
Southeast_Asian,Male,70+,Southeast_Asian\Southeast_Asian_Male_70+_080.jpg,Southeast_Asian\Southeast_Asian_Male_70+_081.jpg,0.9928542375564575,True,0.8387832045555115,True,False,0.7262300848960876,True,False,0.7044124007225037,True,False,0.8064472079277039,True,False,0.5210952758789062,True,False,0.40469542145729065,True,False,0.8209189176559448,True,False
Southeast_Asian,Male,70+,Southeast_Asian\Southeast_Asian_Male_70+_082.jpg,Southeast_Asian\Southeast_Asian_Male_70+_083.jpg,0.9978910088539124,True,0.8344592452049255,True,False,0.679323673248291,True,False,0.6366361379623413,True,False,0.8114011287689209,True,False,0.5406836867332458,True,False,0.41185444593429565,True,False,0.8238241076469421,True,False
White,Female,0-2,White\White_Female_0-2_005.jpg,White\White_Female_0-2_006.jpg,0.9891837239265442,True,0.7886534929275513,True,False,0.6977581977844238,True,False,0.7406120896339417,True,False,0.731557309627533,True,False,0.5132347941398621,True,False,0.48104938864707947,True,False,0.752822756767273,True,False
White,Female,0-2,White\White_Female_0-2_007.jpg,White\White_Female_0-2_008.jpg,1.1587741374969482,False,1.0475136041641235,False,False,0.9693881273269653,True,True,0.9505009055137634,True,True,1.019992709159851,False,False,0.8144233822822571,True,True,0.7447603940963745,True,True,1.0311166048049927,False,False
White,Female,10-19,White\White_Female_10-19_025.jpg,White\White_Female_10-19_026.jpg,1.0570520162582397,False,0.8595086932182312,True,True,0.7614771723747253,True,True,0.736009418964386,True,True,0.7856033444404602,True,True,0.4127019941806793,True,True,0.40354710817337036,True,True,0.801124632358551,True,True
White,Female,10-19,White\White_Female_10-19_027.jpg,White\White_Female_10-19_028.jpg,1.3079677820205688,False,1.118818759918213,False,False,1.0087321996688843,False,False,0.9922663569450378,True,True,1.058201789855957,False,False,0.7232804298400879,True,True,0.5216385126113892,True,True,1.0587007999420166,False,False
White,Female,20-29,White\White_Female_20-29_035.jpg,White\White_Female_20-29_036.jpg,1.4715884923934937,False,1.2940927743911743,False,False,1.0954742431640625,False,False,1.0277596712112427,False,False,1.247129201889038,False,False,0.7804861664772034,True,True,0.5715897679328918,True,True,1.237815022468567,False,False
White,Female,20-29,White\White_Female_20-29_037.jpg,White\White_Female_20-29_038.jpg,1.2588632106781006,False,1.0583970546722412,False,False,0.9081447124481201,True,True,0.8755365014076233,True,True,1.003770351409912,False,False,0.5800520777702332,True,True,0.4317995607852936,True,True,1.0184564590454102,False,False
White,Female,3-9,White\White_Female_3-9_015.jpg,White\White_Female_3-9_016.jpg,0.9963837265968323,True,0.8554198145866394,True,False,0.721703290939331,True,False,0.714299738407135,True,False,0.8171860575675964,True,False,0.5438815355300903,True,False,0.46670037508010864,True,False,0.8179329633712769,True,False
White,Female,3-9,White\White_Female_3-9_017.jpg,White\White_Female_3-9_018.jpg,1.1840922832489014,False,0.9829716682434082,True,True,0.8370736241340637,True,True,0.8032103180885315,True,True,0.9332227110862732,True,True,0.5464150905609131,True,True,0.4420677423477173,True,True,0.9420765042304993,True,True
White,Female,30-39,White\White_Female_30-39_045.jpg,White\White_Female_30-39_046.jpg,1.2403169870376587,False,1.060469150543213,False,False,0.860793948173523,True,True,0.7721425294876099,True,True,1.0380992889404297,False,False,0.6955299377441406,True,True,0.4560365080833435,True,True,1.0288491249084473,False,False
White,Female,30-39,White\White_Female_30-39_047.jpg,White\White_Female_30-39_048.jpg,1.1807869672775269,False,1.0332177877426147,False,False,0.8483015298843384,True,True,0.7707878947257996,True,True,1.0090199708938599,False,False,0.6628567576408386,True,True,0.47271713614463806,True,True,0.9981456398963928,True,True
White,Female,40-49,White\White_Female_40-49_055.jpg,White\White_Female_40-49_056.jpg,1.364596962928772,False,1.2042194604873657,False,False,1.1639701128005981,False,False,1.1653093099594116,False,False,1.1227343082427979,False,False,0.9255278706550598,True,True,0.7575539350509644,True,True,1.1419802904129028,False,False
White,Female,40-49,White\White_Female_40-49_057.jpg,White\White_Female_40-49_058.jpg,1.2768324613571167,False,1.0299687385559082,False,False,0.9693524241447449,True,True,0.9787020087242126,True,True,0.8773530721664429,True,True,0.6470654010772705,True,True,0.5724866986274719,True,True,0.893537163734436,True,True
White,Female,50-59,White\White_Female_50-59_065.jpg,White\White_Female_50-59_066.jpg,1.3786603212356567,False,1.2027469873428345,False,False,1.0267915725708008,False,False,0.9584482312202454,True,True,1.164017677307129,False,False,0.6940465569496155,True,True,0.5444325804710388,True,True,1.171284556388855,False,False
White,Female,50-59,White\White_Female_50-59_067.jpg,White\White_Female_50-59_068.jpg,1.1495822668075562,False,0.9010385274887085,True,True,0.9600429534912109,True,True,0.9921686053276062,True,True,0.8121886253356934,True,True,0.6335766315460205,True,True,0.5685678124427795,True,True,0.8400533199310303,True,True
White,Female,60-69,White\White_Female_60-69_075.jpg,White\White_Female_60-69_076.jpg,1.077134132385254,False,0.8143314719200134,True,True,0.715144157409668,True,True,0.7051167488098145,True,True,0.711790919303894,True,True,0.46251195669174194,True,True,0.4413291811943054,True,True,0.7103776931762695,True,True
White,Female,60-69,White\White_Female_60-69_077.jpg,White\White_Female_60-69_078.jpg,0.9453438520431519,True,0.8002783060073853,True,False,0.6985428929328918,True,False,0.6761996150016785,True,False,0.7666253447532654,True,False,0.5309182405471802,True,False,0.47176262736320496,True,False,0.7856834530830383,True,False
White,Female,70+,White\White_Female_70+_085.jpg,White\White_Female_70+_086.jpg,0.9744886755943298,True,0.784896731376648,True,False,0.6388007402420044,True,False,0.6315008401870728,True,False,0.7381079196929932,True,False,0.43787845969200134,True,False,0.43918922543525696,True,False,0.73885577917099,True,False
White,Female,70+,White\White_Female_70+_087.jpg,White\White_Female_70+_088.jpg,1.100407600402832,False,0.9640152454376221,True,True,0.8812658786773682,True,True,0.8451161980628967,True,True,0.9227186441421509,True,True,0.7160685062408447,True,True,0.5706549882888794,True,True,0.9440483450889587,True,True
White,Male,0-2,White\White_Male_0-2_000.jpg,White\White_Male_0-2_001.jpg,1.1327059268951416,False,0.9293630123138428,True,True,0.7993194460868835,True,True,0.7686057686805725,True,True,0.878380298614502,True,True,0.5479118227958679,True,True,0.44317224621772766,True,True,0.9024848937988281,True,True
White,Male,0-2,White\White_Male_0-2_002.jpg,White\White_Male_0-2_003.jpg,1.1536822319030762,False,1.0605173110961914,False,False,0.9436837434768677,True,True,0.8911479115486145,True,True,1.0449604988098145,False,False,0.8177207112312317,True,True,0.6844298839569092,True,True,1.044677972793579,False,False
White,Male,10-19,White\White_Male_10-19_020.jpg,White\White_Male_10-19_021.jpg,1.3077870607376099,False,1.2046799659729004,False,False,1.0722270011901855,False,False,1.0198860168457031,False,False,1.184780478477478,False,False,0.9076617956161499,True,True,0.6600660681724548,True,True,1.1572569608688354,False,False
White,Male,10-19,White\White_Male_10-19_022.jpg,White\White_Male_10-19_023.jpg,1.1107181310653687,False,0.8766040205955505,True,True,0.7275705337524414,True,True,0.7121555805206299,True,True,0.8092973828315735,True,True,0.5082064270973206,True,True,0.4475148320198059,True,True,0.8224604725837708,True,True
White,Male,20-29,White\White_Male_20-29_030.jpg,White\White_Male_20-29_031.jpg,1.22950279712677,False,1.0819109678268433,False,False,0.9221303462982178,True,True,0.8657239079475403,True,True,1.057112693786621,False,False,0.7560713887214661,True,True,0.5551484227180481,True,True,1.0611995458602905,False,False
White,Male,20-29,White\White_Male_20-29_032.jpg,White\White_Male_20-29_033.jpg,1.2276825904846191,False,1.013390064239502,False,False,0.9022009968757629,True,True,0.8871474266052246,True,True,0.9395583868026733,True,True,0.6532225012779236,True,True,0.5476052165031433,True,True,0.9540689587593079,True,True
White,Male,3-9,White\White_Male_3-9_010.jpg,White\White_Male_3-9_011.jpg,0.8751130104064941,True,0.6859387755393982,True,False,0.6060048341751099,True,False,0.6372614502906799,True,False,0.6145631074905396,True,False,0.37335652112960815,True,False,0.35638511180877686,True,False,0.6194816827774048,True,False
White,Male,3-9,White\White_Male_3-9_012.jpg,White\White_Male_3-9_013.jpg,0.931347131729126,True,0.7184085249900818,True,False,0.6367319226264954,True,False,0.6413463354110718,True,False,0.6617969870567322,True,False,0.4297848045825958,True,False,0.39360421895980835,True,False,0.685965359210968,True,False
White,Male,30-39,White\White_Male_30-39_040.jpg,White\White_Male_30-39_041.jpg,1.0262537002563477,False,0.8538607358932495,True,True,0.6919247508049011,True,True,0.6612513661384583,True,True,0.8176766037940979,True,True,0.46714311838150024,True,True,0.36263763904571533,True,True,0.820108950138092,True,True
White,Male,30-39,White\White_Male_30-39_042.jpg,White\White_Male_30-39_043.jpg,1.1458735466003418,False,0.9757529497146606,True,True,0.8464893698692322,True,True,0.8309385180473328,True,True,0.9210800528526306,True,True,0.527077853679657,True,True,0.4453418254852295,True,True,0.942563533782959,True,True
White,Male,40-49,White\White_Male_40-49_050.jpg,White\White_Male_40-49_051.jpg,1.0443658828735352,False,0.8161860108375549,True,True,0.671787679195404,True,True,0.6733168959617615,True,True,0.7659475207328796,True,True,0.521420419216156,True,True,0.44378337264060974,True,True,0.769071102142334,True,True
White,Male,40-49,White\White_Male_40-49_052.jpg,White\White_Male_40-49_053.jpg,1.241675853729248,False,1.0586085319519043,False,False,0.9137744307518005,True,True,0.8839437365531921,True,True,1.0152390003204346,False,False,0.6966022253036499,True,True,0.6197952032089233,True,True,0.9990337491035461,True,True
White,Male,50-59,White\White_Male_50-59_060.jpg,White\White_Male_50-59_061.jpg,1.249239444732666,False,1.1046603918075562,False,False,0.9126507639884949,True,True,0.8227452039718628,True,True,1.0772615671157837,False,False,0.7305130362510681,True,True,0.5213213562965393,True,True,1.0880099534988403,False,False
White,Male,50-59,White\White_Male_50-59_062.jpg,White\White_Male_50-59_063.jpg,1.171082854270935,False,0.9143811464309692,True,True,0.7423151135444641,True,True,0.7129836082458496,True,True,0.81280517578125,True,True,0.41734805703163147,True,True,0.4372166097164154,True,True,0.8195511102676392,True,True
White,Male,60-69,White\White_Male_60-69_070.jpg,White\White_Male_60-69_071.jpg,1.0145381689071655,False,0.8961851000785828,True,True,0.7386427521705627,True,True,0.6652094721794128,True,True,0.8781347870826721,True,True,0.6106011271476746,True,True,0.43234795331954956,True,True,0.8871434330940247,True,True
White,Male,60-69,White\White_Male_60-69_072.jpg,White\White_Male_60-69_073.jpg,1.0811277627944946,False,0.9238380789756775,True,True,0.836323082447052,True,True,0.853466272354126,True,True,0.8477338552474976,True,True,0.5185405015945435,True,True,0.48030030727386475,True,True,0.8731422424316406,True,True
White,Male,70+,White\White_Male_70+_080.jpg,White\White_Male_70+_081.jpg,1.438230037689209,False,1.3488359451293945,False,False,1.252126932144165,False,False,1.2089238166809082,False,False,1.3265399932861328,False,False,1.106717824935913,False,False,0.954595685005188,True,True,1.324360966682434,False,False
White,Male,70+,White\White_Male_70+_082.jpg,White\White_Male_70+_083.jpg,1.0181849002838135,False,0.8585205078125,True,True,0.6674032211303711,True,True,0.6111381649971008,True,True,0.8295931220054626,True,True,0.4714294970035553,True,True,0.3401535153388977,True,True,0.834218442440033,True,True
